{
  "id": "2217565",
  "name": "极兔官网后台系统",
  "font_family": "iconfont",
  "css_prefix_text": "icon",
  "description": "",
  "glyphs": [
    {
      "icon_id": "307212",
      "name": "成功",
      "font_class": "chenggong",
      "unicode": "e68c",
      "unicode_decimal": 59020
    },
    {
      "icon_id": "4550303",
      "name": "错误",
      "font_class": "cuowu",
      "unicode": "e605",
      "unicode_decimal": 58885
    },
    {
      "icon_id": "5643682",
      "name": "警告",
      "font_class": "jinggao",
      "unicode": "e635",
      "unicode_decimal": 58933
    },
    {
      "icon_id": "18413251",
      "name": "文本框",
      "font_class": "wenbenkuang",
      "unicode": "e62b",
      "unicode_decimal": 58923
    },
    {
      "icon_id": "18413169",
      "name": "选择",
      "font_class": "xuanze",
      "unicode": "e62a",
      "unicode_decimal": 58922
    },
    {
      "icon_id": "18412421",
      "name": "导航栏-展开",
      "font_class": "daohanglan-zhankai",
      "unicode": "e629",
      "unicode_decimal": 58921
    },
    {
      "icon_id": "18412298",
      "name": "发布时间",
      "font_class": "fabushijian",
      "unicode": "e628",
      "unicode_decimal": 58920
    },
    {
      "icon_id": "18411774",
      "name": "功能-刷新",
      "font_class": "gongneng-shuaxin",
      "unicode": "e621",
      "unicode_decimal": 58913
    },
    {
      "icon_id": "18411772",
      "name": "功能-查询",
      "font_class": "gongneng-chaxun",
      "unicode": "e620",
      "unicode_decimal": 58912
    },
    {
      "icon_id": "18411770",
      "name": "功能-新增",
      "font_class": "gongneng-xinzeng",
      "unicode": "e61c",
      "unicode_decimal": 58908
    },
    {
      "icon_id": "18411114",
      "name": "zhankai",
      "font_class": "zhankai",
      "unicode": "e61b",
      "unicode_decimal": 58907
    },
    {
      "icon_id": "18411110",
      "name": "shouqi",
      "font_class": "shouqi",
      "unicode": "e610",
      "unicode_decimal": 58896
    },
    {
      "icon_id": "18364541",
      "name": "下拉按钮",
      "font_class": "xialaanniu",
      "unicode": "e627",
      "unicode_decimal": 58919
    },
    {
      "icon_id": "18364540",
      "name": "添加",
      "font_class": "tianjia",
      "unicode": "e626",
      "unicode_decimal": 58918
    },
    {
      "icon_id": "18364539",
      "name": "关闭",
      "font_class": "guanbi",
      "unicode": "e625",
      "unicode_decimal": 58917
    },
    {
      "icon_id": "18364538",
      "name": "删除",
      "font_class": "shanchu",
      "unicode": "e624",
      "unicode_decimal": 58916
    },
    {
      "icon_id": "18364537",
      "name": "编辑",
      "font_class": "bianji",
      "unicode": "e623",
      "unicode_decimal": 58915
    },
    {
      "icon_id": "18364536",
      "name": "下线",
      "font_class": "xiaxian",
      "unicode": "e622",
      "unicode_decimal": 58914
    },
    {
      "icon_id": "18364522",
      "name": "上传",
      "font_class": "shangchuan",
      "unicode": "e61f",
      "unicode_decimal": 58911
    },
    {
      "icon_id": "18363113",
      "name": "查看详情",
      "font_class": "chakanxiangqing",
      "unicode": "e61e",
      "unicode_decimal": 58910
    },
    {
      "icon_id": "18363079",
      "name": "开关",
      "font_class": "kaiguan1",
      "unicode": "e61d",
      "unicode_decimal": 58909
    },
    {
      "icon_id": "18362804",
      "name": "职位类型",
      "font_class": "zhiweileixing",
      "unicode": "e61a",
      "unicode_decimal": 58906
    },
    {
      "icon_id": "18362627",
      "name": "招贤纳士",
      "font_class": "zhaoxiannashi",
      "unicode": "e619",
      "unicode_decimal": 58905
    },
    {
      "icon_id": "18362200",
      "name": "新闻动态",
      "font_class": "xinwendongtai",
      "unicode": "e618",
      "unicode_decimal": 58904
    },
    {
      "icon_id": "18361937",
      "name": "logo",
      "font_class": "logo",
      "unicode": "e617",
      "unicode_decimal": 58903
    },
    {
      "icon_id": "18361856",
      "name": "不可查看",
      "font_class": "bukechakan",
      "unicode": "e616",
      "unicode_decimal": 58902
    },
    {
      "icon_id": "18361806",
      "name": "可查看",
      "font_class": "kechakan",
      "unicode": "e615",
      "unicode_decimal": 58901
    },
    {
      "icon_id": "18361682",
      "name": "密码",
      "font_class": "mima",
      "unicode": "e614",
      "unicode_decimal": 58900
    },
    {
      "icon_id": "18358039",
      "name": "用户",
      "font_class": "yonghu",
      "unicode": "e613",
      "unicode_decimal": 58899
    },
    {
      "icon_id": "18357728",
      "name": "首页",
      "font_class": "shouye",
      "unicode": "e612",
      "unicode_decimal": 58898
    },
    {
      "icon_id": "18357540",
      "name": "人员管理",
      "font_class": "renyuanguanli",
      "unicode": "e611",
      "unicode_decimal": 58897
    }
  ]
}
